,validation_f1,test_f1,cross_val_mean,cross_val_std
Logistic Regression,0.8090993598388185,0.8276056496526432,0.8101023017902815,0.020237428470973307
Random Forest,0.8078317260432542,0.8294169095401758,0.8080771439010388,0.020142302470706138
XGBoost,0.8532720299179387,0.8512527087239171,0.819313377524923,0.022203946579594923
Naive Bayes,0.8027295874108953,0.8123379092226001,0.8039746333315934,0.017414942474753576
